[
    "--- INTERNATIONAL & BOARDING SCHOOLS ---",
    "Dhirubhai Ambani International School, Mumbai",
    "The Doon School, Dehradun",
    "Mayo College, Ajmer",
    "Woodstock School, Mussoorie",
    "The Cathedral and John Connon School, Mumbai",
    "Modern School, Barakhamba Road, Delhi",
    "Modern School, Vasant Vihar, Delhi",
    "The Shri Ram School, Delhi/Gurgaon",
    "Vasant Valley School, Delhi",
    "Sanskriti School, Delhi",
    "Bombay Scottish School, Mumbai",
    "Campion School, Mumbai",
    "Jamnabai Narsee School, Mumbai",
    "Ecole Mondiale World School, Mumbai",
    "Oberoi International School, Mumbai",
    "Aditya Birla World Academy, Mumbai",
    "Rishi Valley School, Chittoor",
    "The Lawrence School, Sanawar",
    "The Lawrence School, Lovedale",
    "Bishop Cotton School, Shimla",
    "Sherwood College, Nainital",
    "Welham Boys/Girls School, Dehradun",
    "Scindia School, Gwalior",
    "Good Shepherd International School, Ooty",
    "Kodaikanal International School, Kodaikanal",
    "Hebron School, Ooty",
    "Pathways World School, Gurgaon",
    "G.D. Goenka World School, Gurgaon",
    "Indus International School, Bangalore/Pune/Hyderabad",
    "--- DELHI SCHOOLS (EXTENSIVE) ---",
    "Delhi Public School (DPS), R.K. Puram",
    "Delhi Public School (DPS), Vasant Kunj",
    "Delhi Public School (DPS), Mathura Road",
    "Delhi Public School (DPS), Dwarka",
    "Delhi Public School (DPS), Rohini",
    "Delhi Public School (DPS), East of Kailash",
    "Springdales School, Pusa Road",
    "Springdales School, Dhaula Kuan",
    "Bal Bharati Public School, Pitampura",
    "Bal Bharati Public School, Gangaram Hospital Marg",
    "Bal Bharati Public School, Rohini",
    "Bal Bharati Public School, Dwarka",
    "Apeejay School, Saket",
    "Apeejay School, Sheikh Sarai",
    "Apeejay School, Pitampura",
    "Amity International School, Saket",
    "Amity International School, Mayur Vihar",
    "Amity International School, Pushp Vihar",
    "Mother's International School, Aurobindo Marg",
    "Convent of Jesus and Mary, Bangla Sahib Marg",
    "St. Columba's School, Ashok Place",
    "Loreto Convent School, Delhi Cantt",
    "Sardar Patel Vidyalaya, Lodi Estate",
    "Tagore International School, Vasant Vihar",
    "Tagore International School, East of Kailash",
    "Ryan International School, Vasant Kunj",
    "Ryan International School, Rohini",
    "Ryan International School, Mayur Vihar",
    "Salwan Public School, Rajendra Nagar",
    "Salwan Public School, Mayur Vihar",
    "Bluebells School International, Kailash Colony",
    "Air Force Bal Bharati School, Lodi Road",
    "Army Public School, Dhaula Kuan",
    "Army Public School, Shankar Vihar",
    "Navy Children School, Chanakyapuri",
    "Kendriya Vidyalaya, JNU Campus",
    "Kendriya Vidyalaya, Delhi Cantt",
    "Kendriya Vidyalaya, Andrews Ganj",
    "Kendriya Vidyalaya, Pitampura",
    "Kendriya Vidyalaya, RK Puram",
    "Sarvodaya Vidyalaya, Sector 3, Rohini",
    "Sarvodaya Vidyalaya, Vasant Kunj",
    "Rajkiya Pratibha Vikas Vidyalaya (RPVV), Dwarka",
    "Rajkiya Pratibha Vikas Vidyalaya (RPVV), Shalimar Bagh",
    "Rajkiya Pratibha Vikas Vidyalaya (RPVV), Gandhi Nagar",
    "Government Co-ed Senior Secondary School, Lajpat Nagar",
    "Government Boys Senior Secondary School, Andrews Ganj",
    "Manav Sthali School, New Rajendra Nagar",
    "Montfort School, Ashok Vihar",
    "Mata Jai Kaur Public School, Ashok Vihar",
    "Kulachi Hansraj Model School, Ashok Vihar",
    "N.K. Bagrodia Public School, Rohini",
    "N.K. Bagrodia Public School, Dwarka",
    "Vikas&Bharati Public School, Rohini",
    "Sachdeva Public School, Pitampura",
    "Sachdeva Public School, Rohini",
    "Rukmini Devi Public School, Pitampura",
    "Maxfort School, Rohini",
    "Maxfort School, Dwarka",
    "GD Goenka Public School, Vasant Kunj",
    "GD Goenka Public School, Rohini",
    "GD Goenka Public School, Dwarka",
    "Mount St. Mary's School, Delhi Cantt",
    "St. Thomas' School, Mandir Marg",
    "St. Thomas' School, Dwarka",
    "Carmel Convent School, Chanakyapuri",
    "Mater Dei School, Tilak Lane",
    "St. Francis De Sales School, Janakpuri",
    "St. Mark's Senior Secondary Public School, Meera Bagh",
    "St. Mark's Senior Secondary Public School, Janakpuri",
    "Guru Harkrishan Public School, Vasant Vihar",
    "Guru Harkrishan Public School, India Gate",
    "Guru Harkrishan Public School, Punjabi Bagh",
    "Hansraj Model School, Punjabi Bagh",
    "S.D. Public School, Pitampura",
    "S.D. Public School, Patel Nagar",
    "Ramjas School, Pusa Road",
    "Ramjas School, R.K. Puram",
    "Laxman Public School, Hauz Khas",
    "General Raj's School, Hauz Khas",
    "The Indian School, Sadiq Nagar",
    "Summer Fields School, Kailash Colony",
    "Cambridge School, Srinivaspuri",
    "Cambridge School, New Friends Colony",
    "Don Bosco School, Alaknanda",
    "St. George's School, Alaknanda",
    "K.R. Mangalam World School, GK-II",
    "K.R. Mangalam World School, Vikaspuri",
    "Bhatnagar International School, Vasant Kunj",
    "Bloom Public School, Vasant Kunj",
    "Deepalaya School, Kalkaji",
    "Frank Anthony Public School, Lajpat Nagar",
    "Green Fields School, Safdarjung Enclave",
    "St. Paul's School, Hauz Khas",
    "The Pinnacle School, Panchsheel Enclave",
    "Birla Vidya Niketan, Pushp Vihar",
    "Chinmaya Vidyalaya, Vasant Vihar",
    "Vishwa Bharati Public School, Dwarka",
    "Vishwa Bharati Public School, Noida",
    "Indraprastha International School, Dwarka",
    "Mount Carmel School, Dwarka",
    "Mount Carmel School, Anand Niketan",
    "Veda Vyasa DAV Public School, Vikaspuri",
    "Mamta Modern Sr. Sec. School, Vikaspuri",
    "St. Cecilia's Public School, Vikaspuri",
    "Brain International School, Vikaspuri",
    "Oxford Senior Secondary School, Vikaspuri",
    "Mira Model School, Janakpuri",
    "Happy Model School, Janakpuri",
    "S.S. Mota Singh Senior Secondary Model School, Janakpuri",
    "Adarsh Public School, Vikaspuri",
    "Kamal Public Senior Secondary School, Vikaspuri",
    "St. Froebel Senior Secondary School, Paschim Vihar",
    "Indraprastha World School, Paschim Vihar",
    "St. Sophia's Senior Secondary School, Paschim Vihar",
    "Neo Convent Senior Secondary School, Paschim Vihar",
    "Divine Child Senior Secondary School, Paschim Vihar",
    "Richmond Global School, Paschim Vihar",
    "Bosco Public School, Paschim Vihar",
    "Jaspal Kaur Public School, Shalimar Bagh",
    "Prabhu Dayal Public School, Shalimar Bagh",
    "Modern Public School, Shalimar Bagh",
    "D.A.V. Public School, Shalimar Bagh",
    "D.A.V. Public School, Pushpanjali Enclave",
    "D.A.V. Public School, Sreshtha Vihar",
    "D.A.V. Public School, Vasant Kunj",
    "Goodley Public School, Shalimar Bagh",
    "Queen Mary's School, Rohini",
    "Queen Mary's School, Model Town",
    "Queen Mary's School, Northend",
    "Rosary Senior Secondary School, Radio Colony",
    "Maharaja Agrasen Model School, Pitampura",
    "KIIT World School, Pitampura",
    "MM Public School, Pitampura",
    "Abhinav Public School, Pitampura",
    "Darbari Lal DAV Model School, Pitampura",
    "Apeejay School, Pitampura",
    "St. Xavier's School, Shahbad Daulatpur",
    "Ryan International School, Rohini",
    "Vikas PV",
    "Lancer's Convent, Rohini",
    "Remal Public School, Rohini",
    "Mount Abu Public School, Rohini",
    "Heritage School, Rohini",
    "Jainati Public School, Pitampura",
    "--- MUMBAI SCHOOLS (EXTENSIVE) ---",
    "St. Xavier's High School, Fort",
    "Don Bosco High School, Matunga",
    "Don Bosco High School, Borivali",
    "St. Mary's School, Mazgaon (SSC)",
    "St. Mary's School, Mazgaon (ICSE)",
    "Villa Theresa High School, Peddar Road",
    "St. Stanislaus High School, Bandra",
    "St. Joseph's Convent School, Bandra",
    "Auxilium Convent High School, Bandra",
    "Arya Vidya Mandir, Bandra West",
    "Arya Vidya Mandir, Juhu",
    "Gokuldham High School, Goregaon",
    "Hiranandani Foundation School, Powai",
    "Hiranandani Foundation School, Thane",
    "R.N. Podar School, Santacruz",
    "Utpal Shanghvi Global School, Juhu",
    "Billabong High International School, Santacruz",
    "Billabong High International School, Malad",
    "Podar International School, Santacruz",
    "Podar International School, Powai",
    "Ryan International School, Malad",
    "Ryan International School, Kandivali",
    "Ryan International School, Kharghar",
    "Ryan International School, Chembur",
    "Orchids The International School, Malad",
    "Orchids The International School, Kurla",
    "Orchids The International School, Vikhroli",
    "Swami Vivekanand International School, Borivali",
    "Swami Vivekanand International School, Kandivali",
    "Children's Academy, Malad",
    "Children's Academy, Kandivali",
    "Children's Academy, Borivali",
    "St. Anne's High School, Malad",
    "St. Anne's High School, Fort",
    "St. Anne's High School, Bandra",
    "St. Teresa's Convent High School, Santa Cruz",
    "St. Anthony's High School, Malwani",
    "St. Anthony's High School, Vakola",
    "Holy Cross High School, Kurla",
    "Holy Family High School, Andheri",
    "St. Dominic Savio High School, Andheri",
    "Canossa High School, Andheri",
    "Divine Child High School, Andheri",
    "Bhavan's A.H. Wadia High School, Andheri",
    "Hansraj Morarji Public School, Andheri",
    "Rajhans Vidyalaya, Andheri",
    "Marble Arch School, Andheri",
    "Bombay Cambridge International School, Andheri",
    "Bombay Cambridge International School, Andheri East",
    "St. John the Evangelist High School, Marol",
    "St. Lawrence High School, Borivali",
    "St. Lawrence High School, Kandivali",
    "St. Francis D'Assisi High School, Borivali",
    "Mary Immaculate Girls' High School, Borivali",
    "J.B. Khot High School, Borivali",
    "Seth M.K. High School, Borivali",
    "Rustomjee Cambridge International School, Dahisar",
    "St. Xavier's High School, Goregaon",
    "St. Thomas High School, Goregaon",
    "Yashodham High School, Goregaon",
    "Lakshdham High School, Goregaon",
    "Pragnya Bodhini High School, Goregaon",
    "Vibgyor High School, Goregaon",
    "Vibgyor High School, Malad",
    "Vibgyor High School, Borivali",
    "Singhania School, Thane (Smt. Sulochanadevi Singhania School)",
    "Vasant Vihar High School, Thane",
    "Little Flower High School, Thane",
    "Holy Cross Convent High School, Thane",
    "St. John the Baptist High School, Thane",
    "A.K. Joshi English Medium School, Thane",
    "Bedekar Vidya Mandir, Thane",
    "M.H. High School, Thane",
    "Saraswati Vidyalaya, Thane",
    "D.A.V. Public School, Thane",
    "D.A.V. Public School, Airoli",
    "D.A.V. Public School, New Panvel",
    "New Horizon Scholars School, Thane",
    "New Horizon Public School, Airoli",
    "EuroSchool, Thane",
    "EuroSchool, Airoli",
    "Reliance Foundation School, Koparkhairane",
    "Fr. Agnel Multipurpose School, Vashi",
    "Sacred Heart High School, Vashi",
    "St. Lawrence High School, Vashi",
    "Avalon Heights International School, Vashi",
    "St. Mary's Multipurpose High School, Vashi",
    "Delhi Public School (DPS), Nerul",
    "Apeejay School, Nerul",
    "Apeejay School, Kharghar",
    "Ryan International School, Nerul",
    "Ryan International School, Sanpada",
    "Bal Bharati Public School, Navi Mumbai",
    "D.Y. Patil International School, Nerul",
    "Podar International School, Nerul",
    "Terna Vidyalaya, Nerul",
    "St. Xavier's High School, Nerul",
    "St. Augustine's High School, Nerul",
    "Don Bosco Senior Secondary School, Nerul",
    "Amrita Vidyalayam, Juinagar",
    "Convent of Jesus and Mary, Kharghar",
    "DAV International School, Kharghar",
    "Greenfinger's Global School, Kharghar",
    "Vishwajyot High School, Kharghar",
    "Sanskriti School, Pune (for Ref)",
    "Atomic Energy Central School, Anushaktinagar (Multiple)",
    "Kendriya Vidyalaya, IIT Powai",
    "Kendriya Vidyalaya, Bhandup",
    "Kendriya Vidyalaya, Colaba",
    "Kendriya Vidyalaya, Koliwada",
    "Navy Children School, Colaba",
    "Army Public School, Colaba",
    "Guru Nanak High School, Sion",
    "Sion High School, Sion",
    "Our Lady of Good Counsel High School, Sion",
    "D.S. High School, Sion",
    "South Indian Education Society (SIES) High School, Matunga",
    "Amulakh Amichand Bhimji Vividhlakshi Vidyalaya, Matunga",
    "Shardashram Vidyamandir, Dadar",
    "Balmohan Vidyamandir, Dadar",
    "IES Modern English School, Dadar",
    "King George School, Dadar",
    "Antonio D'Souza High School, Byculla",
    "Christ Church School, Byculla",
    "St. Agnes' High School, Byculla",
    "Gloria Convent High School, Byculla",
    "Fellowship School, Grant Road",
    "St. Sebastian Goan High School, Thakurdwar",
    "St. Teresa's High School, Girgaon",
    "Chikitsak Samuha Shirolkar High School, Girgaon",
    "Aditya Birla World Academy, Tardeo",
    "Queen Mary School, Grant Road",
    "Girton High School, Grant Road",
    "J.B. Petit High School for Girls, Fort",
    "Alexandra Girls' English Institution, Fort",
    "Dunnes Institute, Colaba",
    "Holy Name High School, Colaba",
    "Scholars Home, Colaba",
    "--- ENGINEERING (IIT/NIT/IIIT/Top Pvt) ---",
    "Indian Institute of Technology (IIT), Bombay",
    "Indian Institute of Technology (IIT), Delhi",
    "Indian Institute of Technology (IIT), Madras",
    "Indian Institute of Technology (IIT), Kanpur",
    "Indian Institute of Technology (IIT), Kharagpur",
    "Indian Institute of Technology (IIT), Roorkee",
    "Indian Institute of Technology (IIT), Guwahati",
    "Indian Institute of Technology (IIT), Hyderabad",
    "Indian Institute of Technology (IIT), BHU Varanasi",
    "Indian Institute of Technology (IIT), Dhanbad (ISM)",
    "Indian Institute of Technology (IIT), Indore",
    "Indian Institute of Technology (IIT), Ropar",
    "Indian Institute of Technology (IIT), Mandi",
    "Indian Institute of Technology (IIT), Gandhinagar",
    "Indian Institute of Technology (IIT), Jodhpur",
    "Indian Institute of Technology (IIT), Patna",
    "Indian Institute of Technology (IIT), Bhubaneswar",
    "Indian Institute of Technology (IIT), Tirupati",
    "Indian Institute of Technology (IIT), Palakkad",
    "Indian Institute of Technology (IIT), Jammu",
    "Indian Institute of Technology (IIT), Dharwad",
    "Indian Institute of Technology (IIT), Bhilai",
    "Indian Institute of Technology (IIT), Goa",
    "National Institute of Technology (NIT), Trichy",
    "National Institute of Technology (NIT), Warangal",
    "National Institute of Technology (NIT), Surathkal",
    "National Institute of Technology (NIT), Calicut",
    "National Institute of Technology (NIT), Allahabad (MNNIT)",
    "National Institute of Technology (NIT), Jaipur (MNIT)",
    "National Institute of Technology (NIT), Rourkela",
    "National Institute of Technology (NIT), Nagpur (VNIT)",
    "National Institute of Technology (NIT), Kurukshetra",
    "National Institute of Technology (NIT), Bhopal (MANIT)",
    "National Institute of Technology (NIT), Surat (SVNIT)",
    "National Institute of Technology (NIT), Jalandhar",
    "National Institute of Technology (NIT), Durgapur",
    "National Institute of Technology (NIT), Silchar",
    "National Institute of Technology (NIT), Hamirpur",
    "National Institute of Technology (NIT), Raipur",
    "National Institute of Technology (NIT), Goa",
    "National Institute of Technology (NIT), Jamshedpur",
    "National Institute of Technology (NIT), Patna",
    "National Institute of Technology (NIT), Agartala",
    "IIIT Hyderabad (International Institute of Information Technology)",
    "IIIT Bangalore (International Institute of Information Technology)",
    "IIIT Delhi (Indraprastha Institute of Information Technology)",
    "IIIT Allahabad (Indian Institute of Information Technology)",
    "IIITDM Kancheepuram",
    "IIITDM Jabalpur",
    "IIITDM Kurnool",
    "IIIT Gwalior (ABV-IIITM)",
    "IIIT Lucknow",
    "IIIT Pune",
    "Birla Institute of Technology and Science (BITS), Pilani",
    "Birla Institute of Technology and Science (BITS), Goa",
    "Birla Institute of Technology and Science (BITS), Hyderabad",
    "Vellore Institute of Technology (VIT), Vellore/Chennai",
    "Manipal Institute of Technology (MIT), Manipal",
    "Thapar Institute of Engineering and Technology, Patiala",
    "SRM Institute of Science and Technology, Chennai",
    "Amrita Vishwa Vidyapeetham, Coimbatore/Amritapuri",
    "College of Engineering, Pune (COEP)",
    "Veermata Jijabai Technological Institute (VJTI), Mumbai",
    "Sarder Patel College of Engineering (SPCE), Mumbai",
    "Delhi Technological University (DTU), Delhi",
    "Netaji Subhas University of Technology (NSUT), Delhi",
    "Jadavpur University, Kolkata",
    "PEC University of Technology, Chandigarh",
    "R.V. College of Engineering (RVCE), Bangalore",
    "BMS College of Engineering, Bangalore",
    "Ramaiah Institute of Technology, Bangalore",
    "PES University, Bangalore",
    "Kalinga Institute of Industrial Technology (KIIT), Bhubaneswar",
    "--- MANAGEMENT (MBA/PGDM) ---",
    "Indian Institute of Management (IIM), Ahmedabad",
    "Indian Institute of Management (IIM), Bangalore",
    "Indian Institute of Management (IIM), Calcutta",
    "Indian Institute of Management (IIM), Lucknow",
    "Indian Institute of Management (IIM), Kozhikode",
    "Indian Institute of Management (IIM), Indore",
    "Indian Institute of Management (IIM), Shillong",
    "Indian Institute of Management (IIM), Rohtak",
    "Indian Institute of Management (IIM), Ranchi",
    "Indian Institute of Management (IIM), Raipur",
    "Indian Institute of Management (IIM), Kashipur",
    "Indian Institute of Management (IIM), Trichy",
    "Indian Institute of Management (IIM), Udaipur",
    "Indian School of Business (ISB), Hyderabad/Mohali",
    "Xavier School of Management (XLRI), Jamshedpur",
    "Faculty of Management Studies (FMS), Delhi",
    "S.P. Jain Institute of Management and Research (SPJIMR), Mumbai",
    "Jamnalal Bajaj Institute of Management Studies (JBIMS), Mumbai",
    "Management Development Institute (MDI), Gurgaon",
    "Indian Institute of Foreign Trade (IIFT), Delhi/Kolkata",
    "Narsee Monjee Institute of Management Studies (NMIMS), Mumbai",
    "Symbiosis Institute of Business Management (SIBM), Pune",
    "Tata Institute of Social Sciences (TISS), Mumbai",
    "International Management Institute (IMI), Delhi",
    "Institute of Management Technology (IMT), Ghaziabad",
    "Mudra Institute of Communications (MICA), Ahmedabad",
    "Great Lakes Institute of Management, Chennai",
    "--- LAW (NLUs & Top Private) ---",
    "National Law School of India University (NLSIU), Bangalore",
    "NALSAR University of Law, Hyderabad",
    "National Law University (NLU), Delhi",
    "National Law University (NLU), Jodhpur",
    "West Bengal National University of Juridical Sciences (NUJS), Kolkata",
    "Gujarat National Law University (GNLU), Gandhinagar",
    "National Law Institute University (NLIU), Bhopal",
    "Symbiosis Law School (SLS), Pune/Noida",
    "Government Law College (GLC), Mumbai",
    "Faculty of Law, University of Delhi",
    "Jindal Global Law School, Sonepat",
    "ILS Law College, Pune",
    "Amity Law School, Delhi/Noida",
    "--- MEDICAL (MBBS/BDS) ---",
    "All India Institute of Medical Sciences (AIIMS), Delhi",
    "All India Institute of Medical Sciences (AIIMS), Jodhpur",
    "All India Institute of Medical Sciences (AIIMS), Bhopal",
    "All India Institute of Medical Sciences (AIIMS), Bhubaneswar",
    "Christian Medical College (CMC), Vellore",
    "JIPMER, Puducherry",
    "King George's Medical University (KGMU), Lucknow",
    "Maulana Azad Medical College (MAMC), Delhi",
    "Vardhman Mahavir Medical College (VMMC), Delhi",
    "Lady Hardinge Medical College (LHMC), Delhi",
    "University College of Medical Sciences (UCMS), Delhi",
    "Seth G.S. Medical College (KEM), Mumbai",
    "Grant Medical College (JJ Hospital), Mumbai",
    "Armed Forces Medical College (AFMC), Pune",
    "Kasturba Medical College (KMC), Manipal",
    "St. John's Medical College, Bangalore",
    "Madras Medical College (MMC), Chennai",
    "--- COMMERCE, ARTS & SCIENCE (Top Colleges) ---",
    "Shri Ram College of Commerce (SRCC), Delhi",
    "St. Stephen's College, Delhi",
    "Lady Shri Ram College for Women (LSR), Delhi",
    "Hindu College, Delhi",
    "Hansraj College, Delhi",
    "Miranda House, Delhi",
    "Kirori Mal College (KMC), Delhi",
    "Sri Venkateswara College, Delhi",
    "Loyola College, Chennai",
    "Madras Christian College (MCC), Chennai",
    "Presidency College, Chennai",
    "St. Xavier's College, Mumbai",
    "St. Xavier's College, Kolkata",
    "Narsee Monjee College of Commerce and Economics (NM), Mumbai",
    "Mithibai College, Mumbai",
    "H.R. College of Commerce and Economics, Mumbai",
    "R.A. Podar College of Commerce, Mumbai",
    "Sydenham College, Mumbai",
    "Fergusson College, Pune",
    "Christ University, Bangalore",
    "St. Joseph's College, Bangalore",
    "Mount Carmel College, Bangalore",
    "Symbiosis College of Arts and Commerce, Pune",
    "--- DESIGN & ARCHITECTURE ---",
    "National Institute of Design (NID), Ahmedabad",
    "National Institute of Design (NID), Bangalore",
    "National Institute of Design (NID), Gandhinagar",
    "National Institute of Fashion Technology (NIFT), Delhi",
    "National Institute of Fashion Technology (NIFT), Mumbai",
    "National Institute of Fashion Technology (NIFT), Bangalore",
    "School of Planning and Architecture (SPA), Delhi",
    "School of Planning and Architecture (SPA), Bhopal",
    "School of Planning and Architecture (SPA), Vijayawada",
    "CEPT University, Ahmedabad",
    "Sir J.J. College of Architecture, Mumbai",
    "--- PROFESSIONAL INSTITUTES (CA/CS/CMA) ---",
    "Institute of Chartered Accountants of India (ICAI)",
    "Institute of Company Secretaries of India (ICSI)",
    "Institute of Cost Accountants of India (ICMAI)"
]